order_id,customer_email,sku,quantity,order_date,unit_price
ORD-00001,ana.solano32@outlook.com,SKU-004,3,2026-02-22,1.20
ORD-00002,luis.quesada55@gmail.com,SKU-018,1,2026-02-17,9.50
ORD-00003,jose.salas78@gmail.com,SKU-007,9,2026-04-12,1.50
ORD-00004,sofia.jimenez58@yahoo.com,SKU-018,1,2026-03-23,9.50
ORD-00005,pedro.solano20@outlook.com,SKU-014,6,2026-02-22,0.95
ORD-00006,sofia.vargas46@yahoo.com,SKU-003,10,2026-05-16,0.80
ORD-00007,mateo.chaves69@gmail.com,SKU-002,7,2026-02-10,0.80
ORD-00008,carla.quesada47@outlook.com,SKU-018,2,2026-01-24,9.50
ORD-00009,carla.vargas30@gmail.com,SKU-008,7,2026-05-23,3.40
ORD-00010,valeria.campos21@yahoo.com,SKU-015,6,2026-04-18,2.20
ORD-00011,mateo.vargas78@outlook.com,SKU-009,9,2026-05-06,1.10
ORD-00012,diego.araya35@outlook.com,SKU-006,6,2026-01-29,6.90
ORD-00013,ana.campos52@yahoo.com,SKU-008,2,2026-04-19,3.40
ORD-00014,mateo.campos28@empresa.cr,SKU-019,7,2026-08-23,8.30
ORD-00015,carla.rojas32@yahoo.com,SKU-005,10,2026-08-08,0.60
ORD-00016,sofia.campos29@outlook.com,SKU-019,9,2026-09-10,8.30
ORD-00017,ana.vargas20@outlook.com,SKU-003,7,2026-02-02,0.80
ORD-00018,sofia.quesada60@yahoo.com,SKU-013,9,2026-01-06,4.75
ORD-00019,valeria.salas97@yahoo.com,SKU-004,6,2026-02-27,1.20
ORD-00020,sofia.rojas59@gmail.com,SKU-010,5,2026-09-14,1.30
ORD-00021,laura.vargas81@yahoo.com,SKU-006,9,2026-04-12,6.90
ORD-00022,pedro.rojas70@gmail.com,SKU-005,10,2026-06-15,0.60
ORD-00023,ana.vargas47@yahoo.com,SKU-016,-1,2026-01-30,1.60
ORD-00017,andres.vargas11@empresa.cr,SKU-008,2,2026-09-30,3.40
ORD-00025,maria.chaves71@outlook.com,SKU-005,5,2026-09-28,0.60
ORD-00026,sofia.jimenez70@outlook.com,SKU-020,5,2026-07-24,5.40
ORD-00027,diego.salas58@gmail.com,SKU-012,4,2026-04-26,24.90
ORD-00028,pedro.mora76@outlook.com,SKU-003,10,2026-04-23,0.80
ORD-00029,luis.mora30@gmail.com,SKU-001,1,2026-06-19,2.50
ORD-00030,laura.jimenez36@empresa.cr,SKU-003,4,2026-10-04,0.80
ORD-00031,mateo.quesada74@empresa.cr,XXX-123,4,2026-08-31,0.60
ORD-00032,jose.vargas13@empresa.cr,SKU-014,6,2026-02-30,0.95
ORD-00033,diego.mora87@gmail.com,SKU-014,1,2026-07-26,0.95
ORD-00034,luis.jimenez25@outlook.com,SKU-011,9,2026-08-18,12.00
ORD-00035,sofia.rojas36@empresa.cr,SKU-005,4,2026-02-08,0.60
ORD-00036,laura.vargas7@gmail.com,SKU-015,2,2026-05-02,2.20
ORD-00037,sofia.chaves62@outlook.com,SKU-006,7,2026-01-31,6.90
ORD-00038,sofia.mora50@yahoo.com,SKU-006,8,2026-05-27,6.90
ORD-00039,mateo.salas85@empresa.cr,SKU-014,3,2026-04-08,0.95
ORD-00028,jose.mora75@gmail.com,SKU-010,6,2026-01-30,1.30
ORD-00041,andres.chaves65@outlook.com,SKU-002,1,2026-09-18,0.80
ORD-00042,maria.vargas77@gmail.com,SKU-003,4,2026-07-26,0.80
ORD-00043,andres.jimenez75@gmail.com,SKU-004,10,2026-02-11,1.20
ORD-00044,valeria.quesada73@yahoo.com,SKU-014,5,2026-04-15,0.95
ORD-00045,jose.solano51@outlook.com,SKU-011,5,2026-08-23,12.00
ORD-00046,luis.mora59@gmail.com,SKU-011,2,2026-10-03,12.00
ORD-00047,laura.solano17@yahoo.com,SKU-007,2,2026-05-06,1.50
ORD-00048,carla.rojas57@yahoo.com,SKU-012,10,2026-09-28,24.90
ORD-00049,valeria.salas39@gmail.com,SKU-001,3,2026-05-16,2.50
ORD-00050,luis.salas20@yahoo.com,SKU-004,5,2026-04-18,0.00
ORD-00051,jose.solano65,SKU-011,5,2026-01-27,12.00
ORD-00052,valeria.araya36@gmail.com,SKU-003,1,2026-06-20,0.80
ORD-00053,valeria.solano21@empresa.cr,SKU-005,9,2026-08-07,0.60
ORD-00054,ana.vargas10@outlook.com,SKU-018,9,2026-01-19,9.50
ORD-00055,andres.salas19@empresa.cr,SKU-012,3,2026-01-22,24.90
ORD-00056,pedro.mora46@outlook.com,SKU-010,4,2026-02-22,1.30
ORD-00057,laura.araya80@outlook.com,SKU-012,4,2026-03-25,24.90
ORD-00058,sofia.mora23@yahoo.com,SKU-006,7,2026-05-08,6.90
ORD-00059,maria.vargas49@gmail.com,SKU-009,8,2026-04-24,1.10
ORD-00060,diego.campos40@outlook.com,SKU-007,4,2026-01-13,1.50
ORD-00061,sofia.campos36@gmail.com,SKU-007,5,2026-06-29,1.50
ORD-00062,sofia.salas43@gmail.com,SKU-017,2,2026-05-14,7.80
ORD-00063,andres.solano5@gmail.com,SKU-006,10,2026-08-11,6.90
ORD-00064,mateo.campos56@gmail.com,SKU-012,7,2026-04-08,24.90
ORD-00065,ana.araya1@outlook.com,SKU-009,6,2026-08-09,1.10
ORD-00066,valeria.campos80@yahoo.com,SKU-999,2,2026-06-03,0.80
ORD-00067,carla.araya42@empresa.cr,SKU-017,5,2026-03-07,7.80
ORD-00068,sofia.araya87@outlook.com,SKU-007,10,2026-06-04,1.50
ORD-00069,laura.mora39@yahoo.com,SKU-013,4,2026-08-09,4.75
ORD-00070,andres.campos60@empresa.cr,SKU-019,8,2026-04-20,8.30
ORD-00071,diego.rojas85@gmail.com,SKU-017,5,2026-09-21,7.80
ORD-00072,pedro.vargas97@outlook.com,SKU-020,5,2026-04-26,5.40
ORD-00073,maria.mora6@outlook.com,SKU-007,8,2026-02-07,1.50
ORD-00074,sofia.quesada25@empresa.cr,SKU-015,8,2026-07-24,2.20
ORD-00075,maria.mora97@gmail.com,SKU-008,7,2026-04-23,3.40
ORD-00076,mateo.salas60@gmail.com,SKU-006,9,2026-05-08,6.90
ORD-00077,diego.rojas60@yahoo.com,SKU-004,8,2026-09-16,1.20
ORD-00078,laura.chaves21@empresa.cr,SKU-014,8,2026-05-13,0.95
ORD-00079,valeria.solano99@empresa.cr,SKU-008,4,2026-05-21,3.40
ORD-00080,luis.solano31@yahoo.com,SKU-015,6,2027-03-15,2.20
ORD-00081,luis.rojas20@outlook.com,SKU-018,7,2026-03-20,9.50
ORD-00082,luis.araya53@yahoo.com,SKU-007,9,2026-08-27,1.50
ORD-00083,ana.jimenez54@empresa.cr,SKU-014,10,2026-01-11,0.95
ORD-00084,sofia.chaves1@yahoo.com,SKU-019,5,2026-07-19,8.30
ORD-00085,laura.salas78@outlook.com,SKU-014,8,2026-04-23,0.95
ORD-00086,sofia.chaves4@empresa.cr,SKU-009,6,2026-07-27,1.10
ORD-00087,diego.rojas80@gmail.com,SKU-006,7,2026-01-14,6.90
ORD-00088,valeria.araya18@empresa.cr,SKU-003,3,2026-01-26,0.80
ORD-00089,sofia.campos28@empresa.cr,SKU-009,6,2026-06-22,1.10
ORD-00090,carla.araya33@gmail.com,SKU-999,8,2026-01-10,4.75
ORD-00091,ana.campos29@gmail.com,SKU-018,1,2026-01-16,9.50
ORD-00092,jose.mora80@outlook.com,SKU-008,4,2026-03-06,3.40
ORD-00093,valeria.vargas73@outlook.com,SKU-016,8,2026-05-12,1.60
,maria.quesada78@gmail.com,SKU-012,3,2026-06-09,24.90
ORD-00095,andres.mora40@empresa.cr,SKU-004,7,2026-04-12,1.20
ORD-00096,andres.jimenez14@yahoo.com,SKU-003,10,2026-03-03,0.80
ORD-00097,ana.campos69@empresa.cr,SKU-019,6,2026-02-05,8.30
ORD-00098,valeria.campos2,SKU-017,8,2026-02-24,7.80
ORD-00099,pedro.chaves91@outlook.com,SKU-014,-10,2026-04-01,0.95
ORD-00100,valeria.solano79@empresa.cr,SKU-017,8,2026-08-12,7.80
ORD-00101,carla.campos32@gmail.com,SKU-019,5,2026-08-19,8.30
ORD-00102,diego.quesada79@empresa.cr,SKU-008,6,2026-01-15,3.40
ORD-00103,pedro.rojas63@outlook.com,SKU-016,6,2026-05-13,1.60
ORD-00104,carla.quesada90@yahoo.com,SKU-011,9,2026-01-06,12.00
ORD-00083,jose.vargas31@empresa.cr,SKU-017,8,2026-05-04,7.80
ORD-00106,valeria.chaves58@gmail.com,SKU-016,2,2026-05-31,1.60
ORD-00107,sofia.jimenez40@yahoo.com,SKU-008,8,2026-09-29,3.40
ORD-00108,sofia.salas43@yahoo.com,SKU-012,8,2026-05-19,24.90
ORD-00109,carla.jimenez16@outlook.com,SKU-010,6,2026-03-03,1.30
ORD-00110,mateo.rojas25@outlook.com,SKU-018,8,2026-05-22,9.50
ORD-00111,laura.quesada37@gmail.com,SKU-019,4,2026-06-01,8.30
ORD-00112,pedro.rojas39@gmail.com,SKU-008,9,2026-03-06,3.40
ORD-00113,ana.mora71@yahoo.com,SKU-009,3,2026-09-09,1.10
ORD-00114,ana.quesada37@empresa.cr,SKU-004,8,2026-08-14,1.20
ORD-00115,maria.mora33@empresa.cr,SKU-011,2,2026-02-03,12.00
ORD-00116,diego.vargas74@gmail.com,SKU-013,3,2026-03-18,4.75
ORD-00117,carla.vargas32@gmail.com,SKU-019,-10,2026-08-02,8.30
ORD-00118,andres.quesada29@empresa.cr,SKU-020,8,2026-08-15,5.40
ORD-00119,andres.araya40@gmail.com,SKU-010,10,2026-02-20,-1.00
ORD-00120,valeria.jimenez34@gmail.com,SKU-007,3,2026-05-03,1.50
,laura.vargas21@gmail.com,SKU-006,7,2026-08-19,6.90
ORD-00122,diego.solano5@outlook.com,SKU-020,5,2026-05-25,5.40
ORD-00123,luis.jimenez34@outlook.com,SKU-015,7,2026-02-28,2.20
ORD-00124,jose.rojas35@outlook.com,SKU-018,2,2026-01-31,abc
ORD-00125,carla.quesada96@yahoo.com,SKU-006,8,2026-03-05,6.90
ORD-00126,mateo.solano90@empresa.cr,SKU-015,5,2026-09-14,2.20
ORD-00127,diego.chaves11@gmail.com,SKU-018,7,2026-06-15,9.50
ORD-00128,carla.mora12@outlook.com,SKU-020,10,2026-01-11,5.40
ORD-00129,andres.mora98@outlook.com,SKU-009,8,2026-09-23,1.10
ORD-00130,carla.rojas75@empresa.cr,SKU-015,8,2026-02-16,2.20
ORD-00131,pedro.araya43@yahoo.com,SKU-016,2,2026-03-24,1.60
ORD-00132,sofia.chaves37@empresa.cr,SKU-011,9,2026-01-19,12.00
ORD-00133,luis.campos33@yahoo.com,SKU-015,2,2026-07-26,2.20
ORD-00134,ana.salas60@empresa.cr,SKU-017,1,2026-04-07,7.80
ORD-00135,pedro.quesada97@empresa.cr,SKU-017,8,2026-02-30,7.80
ORD-00136,carla.salas17@yahoo.com,SKU-007,8,2026-09-06,1.50
ORD-00137,ana.quesada31@outlook.com,SKU-004,5,2026-01-08,1.20
ORD-00138,sofia.vargas29@gmail.com,SKU-018,8,2026-03-02,9.50
ORD-00139,diego.solano66@yahoo.com,SKU-005,7,2026-09-05,0.60
ORD-00140,jose.chaves71@outlook.com,SKU-016,7,2026-04-08,1.60
ORD-00141,laura.rojas9@yahoo.com,SKU-020,7,2026-06-24,5.40
,carla.mora37@yahoo.com,SKU-017,10,2026-09-08,7.80
ORD-00143,diego.salas62@yahoo.com,SKU-005,6,2026-07-13,0.60
ORD-00144,pedro.jimenez90@outlook.com,SKU-015,10,2026-07-16,2.20
ORD-00145,sofia.mora41@empresa.cr,SKU-008,7,2026-07-17,3.40
ORD-00146,diego.mora17@yahoo.com,SKU-005,2,2026-08-14,0.60
ORD-00147,laura.chaves2@outlook.com,SKU-004,7,2026-03-21,1.20
ORD-00148,diego.solano44@empresa.cr,SKU-003,2,2026-06-18,0.80
ORD-00149,sofia.campos81@empresa.cr,SKU-018,9,2026-01-19,9.50
ORD-00150,luis.jimenez81@yahoo.com,SKU-020,4,2026-02-16,5.40
ORD-00151,luis.vargas57@outlook.com,SKU-014,5,2026-01-15,0.95
ORD-00152,pedro.mora38@yahoo.com,SKU-002,6,2026-08-09,0.80
ORD-00153,jose.salas53@outlook.com,SKU-005,3,2026-03-31,0.60
ORD-00154,andres.araya80@outlook.com,SKU-003,8,2026-03-15,0.80
ORD-00155,diego.solano59@yahoo.com,SKU-008,1,2026-08-27,3.40
ORD-00120,valeria.salas21@gmail.com,SKU-010,8,2026-06-26,1.30
ORD-00157,carla.araya89@yahoo.com,SKU-019,8,2026-06-04,8.30
ORD-00158,sofia.chaves14@outlook.com,SKU-007,7,2026-07-03,1.50
ORD-00159,carla.solano3@empresa.cr,SKU-019,5,2026-01-05,8.30
ORD-00160,valeria.mora78@empresa.cr,SKU-019,5,2026-04-28,8.30
ORD-00161,pedro.jimenez82@outlook.com,SKU-020,10,2026-05-09,5.40
ORD-00162,valeria.vargas81@gmail.com,SKU-005,5,2026-08-14,0.60
,andres.campos94@outlook.com,SKU-002,2,2026-06-01,0.80
ORD-00164,mateo.araya23@outlook.com,SKU-011,3,2026-10-04,12.00
ORD-00165,laura.salas35@outlook.com,SKU-012,5,2026-09-04,24.90
ORD-00166,mateo.campos15@empresa.cr,SKU-010,2,2026-02-30,1.30
ORD-00167,valeria.araya72@yahoo.com,SKU-008,2,2026-07-22,3.40
ORD-00168,carla.salas16@empresa.cr,SKU-001,6,2026-05-15,2.50
ORD-00169,sofia.campos14,SKU-019,8,2026-01-13,8.30
ORD-00170,laura.campos79@outlook.com,SKU-020,2,2026-08-26,5.40
ORD-00171,valeria.araya15@outlook.com,SKU-010,1,2026-01-20,1.30
ORD-00172,diego.vargas13@outlook.com,SKU-010,9,2026-03-11,1.30
ORD-00173,diego.campos86@empresa.cr,SKU-013,10,2026-03-21,4.75
ORD-00174,valeria.vargas63@empresa.cr,SKU-014,5,2026-01-17,0.95
ORD-00175,jose.chaves57@outlook.com,SKU-012,6,2026-02-20,24.90
ORD-00176,laura.campos8@empresa.cr,SKU-012,5,2026-04-08,24.90
ORD-00177,diego.vargas85@outlook.com,SKU-004,10,2026-01-11,1.20
ORD-00178,pedro.jimenez17@outlook.com,SKU-002,2,2026-04-17,0.80
ORD-00179,jose.jimenez43@outlook.com,SKU-019,10,2026-01-02,8.30
ORD-00049,maria.rojas70@yahoo.com,SKU-009,3,2026-02-26,1.10
ORD-00181,maria.mora46@outlook.com,SKU-001,10,2026-06-15,2.50
ORD-00182,maria.solano7@outlook.com,SKU-001,7,2026-09-27,2.50
ORD-00183,mateo.vargas61@empresa.cr,SKU-004,-10,2026-09-20,1.20
ORD-00184,luis.chaves65@outlook.com,SKU-019,10,2026-01-23,abc
ORD-00185,carla.chaves83@gmail.com,SKU-017,1,2026-09-03,7.80
,sofia.vargas63@empresa.cr,SKU-013,2,2026-02-11,4.75
ORD-00187,andres.rojas9@outlook.com,SKU-011,5,2026-06-16,12.00
ORD-00188,andres.salas38@empresa.cr,SKU-013,9,2026-08-09,4.75
ORD-00189,mateo.vargas84@outlook.com,SKU-004,7,2026-08-20,1.20
ORD-00190,sofia.campos59@empresa.cr,SKU-008,7,2026-02-18,3.40
ORD-00191,sofia.campos86@yahoo.com,SKU-011,6,2026-03-20,12.00
ORD-00192,luis.vargas11@gmail.com,SKU-016,7,2026-02-19,1.60
ORD-00193,maria.salas8@yahoo.com,SKU-012,2,2026-07-30,24.90
ORD-00194,valeria.araya93@gmail.com,SKU-012,5,2026-06-09,24.90
ORD-00195,luis.quesada65outlook.com,SKU-012,3,2026-09-04,24.90
ORD-00196,luis.campos72@yahoo.com,SKU-008,2,2026-05-23,3.40
ORD-00197,jose.araya72@gmail.com,SKU-019,10,2026-05-17,8.30
ORD-00198,maria.solano90@yahoo.com,SKU-001,6,2026-06-29,2.50
ORD-00199,maria.rojas73@empresa.cr,SKU-ABC,2,2026-03-14,2.50
ORD-00200,luis.salas28@empresa.cr,SKU-001,7,2026-08-21,2.50
